{
  "hash": "96dae63b",
  "configHash": "291418ac",
  "lockfileHash": "f70e6ea9",
  "browserHash": "94f1dfde",
  "optimized": {
    "@angular/common/http": {
      "src": "../../../../../node_modules/@angular/common/fesm2022/http.mjs",
      "file": "@angular_common_http.js",
      "fileHash": "1c72951d",
      "needsInterop": false
    },
    "@angular/core": {
      "src": "../../../../../node_modules/@angular/core/fesm2022/core.mjs",
      "file": "@angular_core.js",
      "fileHash": "0dc0cb5d",
      "needsInterop": false
    },
    "@angular/material/card": {
      "src": "../../../../../node_modules/@angular/material/fesm2022/card.mjs",
      "file": "@angular_material_card.js",
      "fileHash": "3c712ad1",
      "needsInterop": false
    },
    "@angular/material/table": {
      "src": "../../../../../node_modules/@angular/material/fesm2022/table.mjs",
      "file": "@angular_material_table.js",
      "fileHash": "00a16f2a",
      "needsInterop": false
    },
    "@angular/material/toolbar": {
      "src": "../../../../../node_modules/@angular/material/fesm2022/toolbar.mjs",
      "file": "@angular_material_toolbar.js",
      "fileHash": "f7a8122c",
      "needsInterop": false
    },
    "@angular/platform-browser": {
      "src": "../../../../../node_modules/@angular/platform-browser/fesm2022/platform-browser.mjs",
      "file": "@angular_platform-browser.js",
      "fileHash": "c97ebde3",
      "needsInterop": false
    },
    "@angular/platform-browser/animations/async": {
      "src": "../../../../../node_modules/@angular/platform-browser/fesm2022/animations/async.mjs",
      "file": "@angular_platform-browser_animations_async.js",
      "fileHash": "5669151c",
      "needsInterop": false
    },
    "angular-datatables": {
      "src": "../../../../../node_modules/angular-datatables/fesm2022/angular-datatables.mjs",
      "file": "angular-datatables.js",
      "fileHash": "84abde43",
      "needsInterop": false
    },
    "chart.js": {
      "src": "../../../../../node_modules/chart.js/dist/chart.js",
      "file": "chart__js.js",
      "fileHash": "d3d5a78c",
      "needsInterop": false
    },
    "ng2-charts": {
      "src": "../../../../../node_modules/ng2-charts/fesm2022/ng2-charts.mjs",
      "file": "ng2-charts.js",
      "fileHash": "abb0f8ae",
      "needsInterop": false
    },
    "rxjs": {
      "src": "../../../../../node_modules/rxjs/dist/esm5/index.js",
      "file": "rxjs.js",
      "fileHash": "55bebdf0",
      "needsInterop": false
    }
  },
  "chunks": {
    "browser-ROKK2PLV": {
      "file": "browser-ROKK2PLV.js"
    },
    "chunk-RXEID4X6": {
      "file": "chunk-RXEID4X6.js"
    },
    "chunk-REXCSHMG": {
      "file": "chunk-REXCSHMG.js"
    },
    "chunk-A2MOYMBH": {
      "file": "chunk-A2MOYMBH.js"
    },
    "chunk-3MO67S5G": {
      "file": "chunk-3MO67S5G.js"
    },
    "chunk-JXQA3PUY": {
      "file": "chunk-JXQA3PUY.js"
    },
    "chunk-4VABS6PX": {
      "file": "chunk-4VABS6PX.js"
    },
    "chunk-CO2UG7VT": {
      "file": "chunk-CO2UG7VT.js"
    },
    "chunk-J4B6MK7R": {
      "file": "chunk-J4B6MK7R.js"
    }
  }
}